{"cameraMode":{"drawMode":0,"name":"Shaded","section":"Shading Mode"},"sceneLighting":true,"audioPlay":false,"sceneViewState":{"showFog":true,"showMaterialUpdate":false,"showSkybox":true,"showFlares":true,"showImageEffects":true,"showParticleSystems":true},"in2DMode":false,"pivot":{"x":5.032410144805908,"y":5.754481315612793,"z":-17.75939178466797},"rotation":{"x":0.21510647237300874,"y":-0.5157766342163086,"z":0.13561230897903443,"w":0.8181154727935791},"size":9.098519325256348,"orthographic":false}