{"cameraMode":{"drawMode":0,"name":"Shaded","section":"Shading Mode"},"sceneLighting":true,"audioPlay":false,"sceneViewState":{"showFog":true,"showMaterialUpdate":false,"showSkybox":true,"showFlares":true,"showImageEffects":true,"showParticleSystems":true},"in2DMode":false,"pivot":{"x":-176.6819610595703,"y":13.030492782592774,"z":-28.489986419677736},"rotation":{"x":-0.05381771922111511,"y":0.08167135715484619,"z":-0.004415302537381649,"w":-0.9951954483985901},"size":2.8578836917877199,"orthographic":false}