{"cameraMode":{"drawMode":0,"name":"Shaded","section":"Shading Mode"},"sceneLighting":true,"audioPlay":false,"sceneViewState":{"showFog":true,"showMaterialUpdate":false,"showSkybox":true,"showFlares":true,"showImageEffects":true,"showParticleSystems":true},"in2DMode":false,"pivot":{"x":0.6453441381454468,"y":11.578206062316895,"z":-0.5272899866104126},"rotation":{"x":0.041064195334911349,"y":0.017985496670007707,"z":0.0007398760644719005,"w":-0.9989944100379944},"size":17.502344131469728,"orthographic":false}