{"cameraMode":{"drawMode":0,"name":"Shaded","section":"Shading Mode"},"sceneLighting":false,"audioPlay":false,"sceneViewState":{"showFog":true,"showMaterialUpdate":false,"showSkybox":false,"showFlares":true,"showImageEffects":true,"showParticleSystems":true},"in2DMode":false,"pivot":{"x":0.13879996538162232,"y":1.02316153049469,"z":8.796926498413086},"rotation":{"x":0.04363901913166046,"y":0.9562478065490723,"z":0.19691212475299836,"w":-0.21192321181297303},"size":4.54464864730835,"orthographic":false}